query,output,timestamp
What is big data ,"Big data refers to extremely large and complex datasets that are difficult to process using traditional data management techniques.

*   Big data is often generated and collected by individuals, organizations, or external agencies.
*   It can consist of structured, semi-structured, and unstructured data from various sources, including social media, sensors, and relational databases.
*   The analysis of big data can provide new insights that can improve services, products, decision-making, and competitive advantages.",2025-03-22 21:49:43.306212
What is big data ,"Big data refers to extremely large and complex datasets that are difficult to process using traditional data management techniques.

*   Big data is often generated and collected by individuals, organizations, or external agencies.
*   It can consist of structured, semi-structured, and unstructured data from various sources, including social media, sensors, and relational databases.
*   The analysis of big data can provide new insights that can improve services, products, decision-making, and competitive advantages.",2025-03-22 21:49:46.699369
what is six sigma,"Six Sigma is a process quality goal, using sigma as a statistical measure of variability.

*   It aims to improve quality and reduce waste in organizations.
*   It helps produce products and services better, faster, and cheaper.
*   Achieving Six Sigma quality leads to benefits that positively impact the bottom line.",2025-03-29 18:29:58.657951
